7/28/2000,0,17,17,11,33,32,11,33
7/31/2000,17,17,2,17,2,11,47,100,11,47
8/2/2000,17,2,17,5,17,5,11,67,2,11,67
8/4/2000,17,5,17,8,17,8,11,87,19,11,87
8/7/2000,17,8,18,1,18,1,12,07,73,12,07
8/9/2000,18,1,18,4,18,4,12,27,133,12,27
8/11/2000,18,4,18,7,18,7,12,47,3,12,47
8/14/2000,18,7,19,19,12,67,24,12,67
8/16/2000,19,19,3,19,3,12,87,83,12,87
8/18/2000,19,3,19,6,19,6,13,07,58,13,07
8/21/2000,19,6,19,9,19,9,13,27,244,13,27
8/23/2000,19,9,20,2,20,2,13,47,672,13,47
8/25/2000,20,2,20,5,20,5,13,67,742,13,67
8/28/2000,20,5,20,1,20,1,13,4,599,13,4
8/30/2000,20,1,19,7,19,7,13,13,1152,13,13
9/1/2000,19,7,19,4,19,4,12,93,701,12,93
9/6/2000,19,4,19,4,19,4,12,93,566,12,93
9/8/2000,19,4,19,7,19,7,13,13,121,13,13
9/11/2000,19,7,20,20,13,33,6,13,33
9/13/2000,20,20,4,20,4,13,6,110,13,6
9/15/2000,20,4,20,8,20,8,13,87,54,13,87
9/18/2000,20,8,21,2,21,2,14,13,490,14,13
9/20/2000,21,2,20,8,20,8,13,87,268,13,87
9/22/2000,20,8,20,8,20,8,13,87,499,13,87
9/25/2000,20,8,20,8,20,8,13,87,412,13,87
9/27/2000,20,8,21,21,14,328,14
9/29/2000,21,21,2,21,2,14,13,261,14,13
10/2/2000,21,2,21,2,21,2,14,13,241,14,13
10/4/2000,21,2,21,2,21,2,14,13,362,14,13
10/6/2000,21,2,21,6,21,6,14,4,174,14,4
10/9/2000,21,6,22,22,14,67,134,14,67
10/11/2000,22,22,4,22,4,14,93,346,14,93
10/13/2000,22,4,22,8,22,8,15,2,134,15,2
10/16/2000,22,8,23,2,23,2,15,47,161,15,47
10/18/2000,23,2,23,6,23,6,15,73,105,15,73
10/20/2000,23,6,24,24,16,439,16
10/23/2000,24,24,24,16,183,16
10/25/2000,24,23,6,23,6,15,73,271,15,73
10/27/2000,23,6,24,24,16,425,16
10/30/2000,24,24,4,24,4,16,27,540,16,27
11/1/2000,24,4,24,8,24,8,16,53,333,16,53
11/3/2000,24,8,25,2,25,2,16,8,623,16,8
11/6/2000,25,2,25,7,25,7,17,13,493,17,13
11/8/2000,25,7,26,2,26,2,17,47,110,17,47
11/10/2000,26,2,26,7,26,7,17,8,497,17,8
11/13/2000,26,7,27,2,27,2,18,13,188,18,13
11/15/2000,27,2,27,7,27,7,18,47,100,18,47
11/17/2000,27,7,28,2,28,2,18,8,258,18,8
11/20/2000,28,2,28,7,28,7,19,13,522,19,13
11/22/2000,28,7,28,2,28,2,18,8,686,18,8
11/24/2000,28,2,27,7,27,7,18,47,455,18,47
11/27/2000,27,7,26,7,26,7,17,8,216,17,8
11/29/2000,26,7,27,2,27,2,18,13,433,18,13
12/1/2000,27,2,27,7,27,7,18,47,207,18,47
12/4/2000,27,7,28,2,28,2,18,8,106,18,8
12/6/2000,28,2,28,7,28,7,19,13,361,19,13
12/8/2000,28,7,29,2,29,2,19,47,1629,19,47
12/11/2000,29,2,28,7,28,7,19,13,824,19,13
12/13/2000,28,7,29,2,29,2,19,47,716,19,47
12/15/2000,29,2,29,7,29,7,19,8,132,19,8
12/18/2000,29,7,30,2,30,2,20,13,419,20,13
12/20/2000,30,2,30,8,30,8,20,53,282,20,53
12/22/2000,30,8,31,4,31,4,20,93,482,20,93
12/25/2000,31,4,32,32,21,33,175,21,33
12/27/2000,32,32,6,32,6,21,73,276,21,73
12/29/2000,32,6,33,2,33,2,22,13,466,22,13
1/3/2001,33,2,33,8,33,8,22,53,247,22,53
1/5/2001,33,8,34,4,34,4,22,93,403,22,93
1/8/2001,34,4,35,35,23,33,395,23,33
1/10/2001,35,35,7,35,7,23,8,1462,23,8
1/12/2001,35,7,36,4,36,4,24,27,1806,24,27
1/15/2001,36,4,36,4,36,4,24,27,736,24,27
1/17/2001,36,4,37,1,37,1,24,73,643,24,73
1/19/2001,37,1,37,8,37,8,25,2,134,25,2
1/29/2001,37,8,38,5,38,5,25,67,58,25,67
1/31/2001,38,5,39,2,39,2,26,13,3,26,13
2/2/2001,39,2,39,9,39,9,26,6,153,26,6
2/5/2001,39,9,40,6,40,6,27,07,3,27,07
2/7/2001,40,6,41,4,41,4,27,6,59,27,6
2/9/2001,41,4,42,2,42,2,28,13,1651,28,13
2/12/2001,42,2,41,4,41,4,27,6,449,27,6
2/14/2001,41,4,40,6,40,6,27,07,15,27,07
2/16/2001,40,6,39,8,39,8,26,53,3,26,53
2/19/2001,39,8,39,1,39,1,26,07,5,26,07
2/21/2001,39,1,38,4,38,4,25,6,917,25,6
2/23/2001,38,4,39,1,39,1,26,07,914,26,07
2/26/2001,39,1,39,8,39,8,26,53,388,26,53
2/28/2001,39,8,39,1,39,1,26,07,800,26,07
3/2/2001,39,1,38,4,38,4,25,6,373,25,6
3/5/2001,38,4,37,7,37,7,25,13,664,25,13
3/7/2001,37,7,37,1,37,1,24,73,1512,24,73
3/9/2001,37,1,37,8,37,8,25,2,686,25,2
3/12/2001,37,8,38,38,25,33,660,25,33
3/14/2001,38,38,38,25,33,841,25,33
3/16/2001,38,38,38,25,33,528,25,33
3/19/2001,38,38,4,38,4,25,6,560,25,6
3/21/2001,38,4,38,4,38,4,25,6,330,25,6
3/23/2001,38,4,38,4,38,4,25,6,1105,25,6
3/26/2001,38,4,39,39,26,483,26
3/28/2001,39,39,7,39,7,26,47,729,26,47
3/30/2001,39,7,40,4,40,4,26,93,230,26,93
4/2/2001,40,4,41,2,41,2,27,47,1194,27,47
4/4/2001,41,2,42,42,28,444,28
4/6/2001,42,42,8,42,8,28,53,77,28,53
4/9/2001,42,8,43,6,43,6,29,07,637,29,07
4/11/2001,43,6,44,4,44,4,29,6,560,29,6
4/13/2001,44,4,45,2,45,2,30,13,228,30,13
4/16/2001,45,2,46,1,46,1,30,73,77,30,73
4/18/2001,46,1,47,47,31,33,202,31,33
4/20/2001,47,47,9,47,9,31,93,713,31,93
4/23/2001,47,9,47,47,31,33,1060,31,33
4/25/2001,47,46,1,46,1,30,73,2802,30,73
4/27/2001,46,1,47,47,31,33,156,31,33
5/2/2001,47,47,9,47,9,31,93,73,31,93
5/4/2001,47,9,48,8,48,8,32,53,768,32,53
5/7/2001,48,8,49,7,49,7,33,13,255,33,13
5/9/2001,49,7,50,5,50,5,33,67,757,33,67
5/11/2001,50,5,51,5,51,5,34,33,167,34,33
5/14/2001,51,5,52,5,52,5,35,117,35
5/16/2001,52,5,53,5,53,5,35,67,164,35,67
5/18/2001,53,5,54,5,54,5,36,33,349,36,33
5/21/2001,54,5,55,5,55,5,37,272,37
5/23/2001,55,5,56,5,56,5,37,67,1572,37,67
5/25/2001,56,5,57,5,57,5,38,33,358,38,33
5/28/2001,57,5,58,5,58,5,39,113,39
5/30/2001,58,5,59,5,59,5,39,67,19,39,67
6/1/2001,59,5,60,5,60,5,40,33,22,40,33
6/4/2001,60,5,61,5,61,5,41,9,41
6/6/2001,61,5,62,5,62,5,41,67,41,41,67
6/8/2001,62,5,61,5,61,5,41,1193,41
6/11/2001,61,5,60,5,60,5,40,33,2225,40,33
6/13/2001,60,5,64,5,64,5,43,405,43
6/15/2001,64,5,69,69,46,375,46
6/18/2001,69,73,5,73,5,49,1271,49
6/20/2001,73,5,78,5,78,5,52,33,912,52,33
6/22/2001,78,5,74,74,49,33,1945,49,33
6/25/2001,74,74,74,49,33,1396,49,33
6/27/2001,74,69,69,46,455,46
6/29/2001,69,64,5,64,5,43,385,43
7/2/2001,64,5,69,69,46,1245,46
7/4/2001,69,70,70,46,67,993,46,67
7/6/2001,70,68,68,45,33,825,45,33
7/9/2001,68,63,5,63,5,42,33,522,42,33
7/11/2001,63,5,58,5,58,5,39,682,39
7/13/2001,58,5,58,5,58,5,39,1148,39
7/16/2001,58,5,59,5,59,5,39,67,498,39,67
7/18/2001,59,5,63,5,63,5,42,33,176,42,33
7/20/2001,63,5,67,5,67,5,45,235,45
7/23/2001,67,5,63,63,42,1062,42
7/25/2001,63,65,65,43,33,541,43,33
7/27/2001,65,63,5,63,5,42,33,377,42,33
7/30/2001,63,5,60,5,60,5,40,33,445,40,33
8/1/2001,60,5,56,5,56,5,37,67,724,37,67
8/3/2001,56,5,53,53,35,33,397,35,33
8/6/2001,53,49,3,49,3,32,87,240,32,87
8/8/2001,49,3,52,5,52,5,35,847,35
8/10/2001,52,5,56,56,37,33,390,37,33
8/13/2001,56,52,5,52,5,35,816,35
8/15/2001,52,5,48,9,48,9,32,6,501,32,6
8/17/2001,48,9,45,5,45,5,30,33,1413,30,33
8/20/2001,45,5,42,5,42,5,28,33,1015,28,33
8/22/2001,42,5,45,4,45,4,30,27,360,30,27
8/24/2001,45,4,42,3,42,3,28,2,862,28,2
8/27/2001,42,3,39,4,39,4,26,27,407,26,27
8/29/2001,39,4,36,7,36,7,24,47,993,24,47
8/31/2001,36,7,39,2,39,2,26,13,839,26,13
9/5/2001,39,2,41,9,41,9,27,93,142,27,93
9/7/2001,41,9,44,8,44,8,29,87,752,29,87
9/10/2001,44,8,41,7,41,7,27,8,1530,27,8
9/12/2001,41,7,42,42,28,904,28
9/14/2001,42,42,42,28,778,28
9/17/2001,42,39,7,39,7,26,47,564,26,47
9/19/2001,39,7,41,5,41,5,27,67,823,27,67
9/21/2001,41,5,41,41,27,33,460,27,33
9/24/2001,41,38,6,38,6,25,73,806,25,73
9/26/2001,38,6,37,37,24,67,568,24,67
9/28/2001,37,37,37,24,67,667,24,67
10/1/2001,37,34,5,34,5,23,1107,23
10/3/2001,34,5,32,1,32,1,21,4,500,21,4
10/5/2001,32,1,30,5,30,5,20,33,1478,20,33
10/8/2001,30,5,32,6,32,6,21,73,222,21,73
10/10/2001,32,6,33,2,33,2,22,13,2,22,13
10/12/2001,33,2,33,8,33,8,22,53,5,22,53
10/15/2001,33,8,34,4,34,4,22,93,2,22,93
10/17/2001,34,4,35,35,23,33,2,23,33
10/19/2001,35,35,7,35,7,23,8,1,23,8
10/22/2001,35,7,36,4,36,4,24,27,8,24,27
10/24/2001,36,4,37,1,37,1,24,73,1,24,73
10/26/2001,37,1,37,8,37,8,25,2,17,25,2
10/29/2001,37,8,38,5,38,5,25,67,272,25,67
10/31/2001,38,5,39,2,39,2,26,13,27,26,13
11/2/2001,39,2,39,9,39,9,26,6,307,26,6
11/5/2001,39,9,40,6,40,6,27,07,338,27,07
11/7/2001,40,6,41,4,41,4,27,6,40,27,6
11/9/2001,41,4,42,2,42,2,28,13,13,28,13
11/12/2001,42,2,43,43,28,67,41,28,67
11/14/2001,43,43,8,43,8,29,2,21,29,2
11/16/2001,43,8,44,6,44,6,29,73,69,29,73
11/19/2001,44,6,45,4,45,4,30,27,43,30,27
11/21/2001,45,4,44,5,44,5,29,67,1008,29,67
11/23/2001,44,5,43,7,43,7,29,13,791,29,13
11/26/2001,43,7,44,5,44,5,29,67,807,29,67
11/28/2001,44,5,43,7,43,7,29,13,565,29,13
11/30/2001,43,7,42,9,42,9,28,6,112,28,6
12/3/2001,42,9,42,1,42,1,28,07,40,28,07
12/5/2001,42,1,41,3,41,3,27,53,20,27,53
12/7/2001,41,3,40,5,40,5,27,115,27
12/10/2001,40,5,39,7,39,7,26,47,602,26,47
12/12/2001,39,7,39,39,26,212,26
12/14/2001,39,38,3,38,3,25,53,206,25,53
12/17/2001,38,3,37,6,37,6,25,07,58,25,07
12/19/2001,37,6,36,9,36,9,24,6,44,24,6
12/21/2001,36,9,37,6,37,6,25,07,650,25,07
12/24/2001,37,6,36,9,36,9,24,6,459,24,6
12/26/2001,36,9,36,2,36,2,24,13,62,24,13
12/28/2001,36,2,35,5,35,5,23,67,35,23,67
12/31/2001,35,5,34,8,34,8,23,2,4,23,2
1/2/2002,34,8,34,2,34,2,22,8,12,22,8
1/4/2002,34,2,33,6,33,6,22,4,29,22,4
1/9/2002,33,6,33,33,22,345,22
1/11/2002,33,32,4,32,4,21,6,141,21,6
1/14/2002,32,4,30,8,30,8,20,53,83,20,53
1/16/2002,30,8,30,2,30,2,20,13,15,20,13
1/18/2002,30,2,29,6,29,6,19,73,30,19,73
1/21/2002,29,6,29,1,29,1,19,4,29,19,4
1/23/2002,29,1,29,6,29,6,19,73,643,19,73
1/28/2002,30,1,30,7,30,7,20,47,447,20,47
1/30/2002,30,7,30,1,30,1,20,07,1296,20,07
2/1/2002,30,1,29,5,29,5,19,67,297,19,67
2/4/2002,29,5,29,29,19,33,682,19,33
2/6/2002,29,29,5,29,5,19,67,251,19,67
2/8/2002,29,5,29,5,29,5,19,67,456,19,67
2/18/2002,29,5,29,29,19,33,101,19,33
2/20/2002,29,28,5,28,5,19,82,19
2/22/2002,28,5,28,28,18,67,80,18,67
2/25/2002,28,27,5,27,5,18,33,55,18,33
2/27/2002,27,5,27,27,18,72,18
3/1/2002,27,27,5,27,5,18,33,1272,18,33
3/4/2002,27,5,27,27,18,242,18
3/5/2002,27,26,5,26,5,17,67,53,17,67
3/6/2002,26,5,26,26,17,33,161,17,33
3/7/2002,26,25,5,25,5,17,34,17
3/8/2002,25,5,25,25,16,67,59,16,67
3/11/2002,25,24,5,24,5,16,33,1227,16,33
3/12/2002,24,5,24,9,24,9,16,6,251,16,6
3/13/2002,24,9,25,3,25,3,16,87,96,16,87
3/14/2002,25,3,25,8,25,8,17,2,48,17,2
3/15/2002,25,8,26,3,26,3,17,53,147,17,53
3/18/2002,26,3,25,8,25,8,17,2,1143,17,2
3/19/2002,25,8,25,3,25,3,16,87,286,16,87
3/20/2002,25,3,25,8,25,8,17,2,485,17,2
3/21/2002,25,8,26,3,26,3,17,53,315,17,53
3/22/2002,26,3,25,8,25,8,17,2,256,17,2
3/25/2002,25,8,26,3,26,3,17,53,220,17,53
3/26/2002,26,3,26,8,26,8,17,87,42,17,87
3/27/2002,26,8,27,3,27,3,18,2,205,18,2
3/28/2002,27,3,27,8,27,8,18,53,190,18,53
3/29/2002,27,8,28,3,28,3,18,87,131,18,87
4/1/2002,28,3,28,8,28,8,19,2,78,19,2
4/2/2002,28,8,28,5,28,5,19,726,19
4/3/2002,28,5,28,1,28,1,18,73,1003,18,73
4/4/2002,28,1,27,8,27,8,18,53,389,18,53
4/5/2002,27,8,27,5,27,5,18,33,286,18,33
4/8/2002,27,5,28,28,18,67,298,18,67
4/9/2002,28,28,28,18,67,312,18,67
4/10/2002,28,28,2,28,2,18,8,353,18,8
4/11/2002,28,2,28,28,18,67,341,18,67
4/12/2002,28,28,28,18,67,244,18,67
4/15/2002,28,28,3,28,3,18,87,230,18,87
4/16/2002,28,3,27,9,27,9,18,6,267,18,6
4/17/2002,27,9,27,6,27,6,18,4,117,18,4
4/18/2002,27,6,28,1,28,1,18,73,77,18,73
4/19/2002,28,1,28,3,28,3,18,87,253,18,87
4/22/2002,28,3,28,1,28,1,18,73,246,18,73
4/23/2002,28,1,28,3,28,3,18,87,283,18,87
4/24/2002,28,3,28,8,28,8,19,2,355,19,2
4/25/2002,28,8,28,9,28,9,19,27,236,19,27
4/26/2002,28,9,28,9,28,9,19,27,440,19,27
5/2/2002,28,9,29,4,29,4,19,6,238,19,6
5/3/2002,29,4,29,9,29,9,19,93,83,19,93
5/6/2002,29,9,29,9,29,9,19,93,469,19,93
5/7/2002,29,9,29,4,29,4,19,6,468,19,6
5/8/2002,29,4,28,9,28,9,19,27,164,19,27
5/9/2002,28,9,29,4,29,4,19,6,77,19,6
5/10/2002,29,4,29,4,29,4,19,6,236,19,6
5/13/2002,29,4,29,29,19,33,273,19,33
5/14/2002,29,29,3,29,3,19,53,68,19,53
5/15/2002,29,3,29,4,29,4,19,6,295,19,6
5/16/2002,29,4,29,9,29,9,19,93,460,19,93
5/17/2002,29,9,29,9,29,9,19,93,218,19,93
5/20/2002,29,9,29,9,29,9,19,93,343,19,93
5/21/2002,29,9,29,9,29,9,19,93,159,19,93
5/22/2002,29,9,29,9,29,9,19,93,252,19,93
5/23/2002,29,9,29,9,29,9,19,93,311,19,93
5/24/2002,29,9,29,9,29,9,19,93,417,19,93
5/27/2002,29,9,29,9,29,9,19,93,340,19,93
5/28/2002,29,9,29,9,29,9,19,93,567,19,93
5/29/2002,29,9,29,9,29,9,19,93,334,19,93
5/30/2002,29,9,29,9,29,9,19,93,65,19,93
5/31/2002,29,9,30,4,30,4,20,27,219,20,27
6/3/2002,30,4,30,5,30,5,20,33,144,20,33
6/4/2002,30,5,30,30,20,49,20
6/5/2002,30,30,30,20,20,20
6/6/2002,30,30,30,20,253,20
6/7/2002,30,29,5,29,5,19,67,103,19,67
6/10/2002,29,5,29,5,29,5,19,67,106,19,67
6/11/2002,29,5,29,5,29,5,19,67,20,19,67
6/12/2002,29,5,29,5,29,5,19,67,57,19,67
6/13/2002,29,5,29,1,29,1,19,4,82,19,4
6/14/2002,29,1,28,7,28,7,19,13,251,19,13
6/17/2002,28,7,28,3,28,3,18,87,100,18,87
6/18/2002,28,3,27,9,27,9,18,6,133,18,6
6/19/2002,27,9,27,4,27,4,18,27,184,18,27
6/20/2002,27,4,27,9,27,9,18,6,141,18,6
6/21/2002,27,9,28,4,28,4,18,93,8,18,93
6/24/2002,28,4,28,9,28,9,19,27,4,19,27
6/25/2002,28,9,28,9,28,9,19,27,131,19,27
6/26/2002,28,9,28,9,28,9,19,27,340,19,27
6/27/2002,28,9,28,9,28,9,19,27,193,19,27
6/28/2002,28,9,29,4,29,4,19,6,323,19,6
7/1/2002,29,4,29,1,29,1,19,4,219,19,4
7/2/2002,29,1,29,1,29,1,19,4,67,19,4
7/3/2002,29,1,29,29,19,33,146,19,33
7/4/2002,29,29,29,19,33,64,19,33
7/5/2002,29,29,29,19,33,132,19,33
7/8/2002,29,29,29,19,33,211,19,33
7/9/2002,29,28,7,28,7,19,13,223,19,13
7/10/2002,28,7,28,5,28,5,19,238,19
7/11/2002,28,5,28,3,28,3,18,87,264,18,87
7/12/2002,28,3,28,6,28,6,19,07,120,19,07
7/15/2002,28,6,28,3,28,3,18,87,130,18,87
7/16/2002,28,3,28,1,28,1,18,73,161,18,73
7/17/2002,28,1,28,28,18,67,224,18,67
7/18/2002,28,27,8,27,8,18,53,95,18,53
7/22/2002,28,1,28,6,28,6,19,07,185,19,07
7/23/2002,28,6,29,1,29,1,19,4,56,19,4
7/24/2002,29,1,29,3,29,3,19,53,261,19,53
7/25/2002,29,3,29,29,19,33,333,19,33
7/26/2002,29,29,3,29,3,19,53,172,19,53
7/29/2002,29,3,29,8,29,8,19,87,333,19,87
7/30/2002,29,8,30,3,30,3,20,2,99,20,2
7/31/2002,30,3,30,9,30,9,20,6,330,20,6
8/1/2002,30,9,30,8,30,8,20,53,261,20,53
8/2/2002,30,8,30,2,30,2,20,13,218,20,13
8/5/2002,30,2,30,3,30,3,20,2,158,20,2
8/6/2002,30,3,30,6,30,6,20,4,112,20,4
8/7/2002,30,6,30,8,30,8,20,53,162,20,53
8/8/2002,30,8,30,8,30,8,20,53,239,20,53
8/9/2002,30,8,30,9,30,9,20,6,332,20,6
8/12/2002,30,9,31,31,20,67,227,20,67
8/13/2002,31,30,3,30,3,20,2,309,20,2
8/14/2002,30,3,30,30,20,194,20
8/15/2002,30,30,1,30,1,20,07,166,20,07
8/16/2002,30,1,30,3,30,3,20,2,122,20,2
8/19/2002,30,3,30,5,30,5,20,33,154,20,33
8/20/2002,30,5,30,3,30,3,20,2,93,20,2
8/21/2002,30,3,30,5,30,5,20,33,177,20,33
8/22/2002,30,5,30,5,30,5,20,33,276,20,33
8/23/2002,30,5,30,5,30,5,20,33,355,20,33
8/26/2002,30,5,30,5,30,5,20,33,218,20,33
8/27/2002,30,5,30,3,30,3,20,2,72,20,2
8/28/2002,30,3,30,7,30,7,20,47,495,20,47
8/29/2002,30,7,31,2,31,2,20,8,644,20,8
8/30/2002,31,2,31,4,31,4,20,93,574,20,93
9/3/2002,31,4,31,31,20,67,52,20,67
9/4/2002,31,30,7,30,7,20,47,87,20,47
9/5/2002,30,7,30,7,30,7,20,47,55,20,47
9/6/2002,30,7,30,6,30,6,20,4,54,20,4
9/9/2002,30,6,30,7,30,7,20,47,52,20,47
9/10/2002,30,7,30,7,30,7,20,47,58,20,47
9/11/2002,30,7,30,7,30,7,20,47,29,20,47
9/12/2002,30,7,30,7,30,7,20,47,56,20,47
9/13/2002,30,7,30,6,30,6,20,4,88,20,4
9/16/2002,30,6,30,6,30,6,20,4,70,20,4
9/17/2002,30,6,30,5,30,5,20,33,54,20,33
9/18/2002,30,5,30,3,30,3,20,2,95,20,2
9/19/2002,30,3,30,2,30,2,20,13,95,20,13
9/20/2002,30,2,30,3,30,3,20,2,117,20,2
9/23/2002,30,3,30,3,30,3,20,2,74,20,2
9/24/2002,30,3,29,8,29,8,19,87,28,19,87
9/25/2002,29,8,30,30,20,106,20
9/26/2002,30,30,3,30,3,20,2,76,20,2
9/27/2002,30,3,30,1,30,1,20,07,87,20,07
9/30/2002,30,1,29,8,29,8,19,87,40,19,87
10/1/2002,29,8,30,2,30,2,20,13,37,20,13
10/2/2002,30,2,30,2,30,2,20,13,30,20,13
10/3/2002,30,2,30,2,30,2,20,13,171,20,13
10/4/2002,30,2,30,2,30,2,20,13,7,20,13
10/7/2002,30,2,30,30,20,63,20
10/8/2002,30,29,9,29,9,19,93,192,19,93
10/9/2002,29,9,29,3,29,3,19,53,81,19,53
10/10/2002,29,3,29,5,29,5,19,67,128,19,67
10/11/2002,29,5,29,5,29,5,19,67,27,19,67
10/14/2002,29,5,29,9,29,9,19,93,42,19,93
10/15/2002,29,9,29,9,29,9,19,93,36,19,93
10/16/2002,29,9,29,9,29,9,19,93,39,19,93
10/17/2002,29,9,29,9,29,9,19,93,24,19,93
10/18/2002,29,9,29,9,29,9,19,93,144,19,93
10/21/2002,29,9,29,9,29,9,19,93,34,19,93
10/22/2002,29,9,30,1,30,1,20,07,43,20,07
10/23/2002,30,1,30,1,30,1,20,07,24,20,07
10/24/2002,30,1,30,2,30,2,20,13,68,20,13
10/25/2002,30,2,30,4,30,4,20,27,69,20,27
10/28/2002,30,4,30,3,30,3,20,2,28,20,2
10/29/2002,30,3,30,3,30,3,20,2,55,20,2
10/30/2002,30,3,30,3,30,3,20,2,74,20,2
10/31/2002,30,3,30,3,30,3,20,2,30,20,2
11/1/2002,30,3,30,3,30,3,20,2,38,20,2
11/4/2002,30,3,30,30,20,50,20
11/5/2002,30,30,30,20,59,20
11/6/2002,30,29,8,29,8,19,87,24,19,87
11/7/2002,29,8,29,8,29,8,19,87,36,19,87
11/8/2002,29,8,29,7,29,7,19,8,62,19,8
11/11/2002,29,7,29,7,29,7,19,8,14,19,8
11/12/2002,29,7,29,7,29,7,19,8,25,19,8
11/13/2002,29,7,29,7,29,7,19,8,40,19,8
11/14/2002,29,7,29,8,29,8,19,87,35,19,87
11/15/2002,29,8,30,30,20,57,20
11/18/2002,30,30,30,20,108,20
11/19/2002,30,30,30,20,67,20
11/20/2002,30,30,30,20,45,20
11/21/2002,30,30,30,20,62,20
11/22/2002,30,30,30,20,24,20
11/25/2002,30,30,30,20,61,20
11/26/2002,30,30,30,20,41,20
11/27/2002,30,30,30,20,65,20
11/28/2002,30,30,5,30,5,20,33,40,20,33
11/29/2002,30,5,30,5,30,5,20,33,0,20,33
12/2/2002,30,4,30,5,30,5,20,33,101,20,33
12/3/2002,30,5,31,31,20,67,128,20,67
12/4/2002,31,31,31,20,67,0,20,67
12/5/2002,31,4,30,8,30,8,20,53,94,20,53
12/6/2002,30,8,30,9,30,9,20,6,28,20,6
12/9/2002,30,9,30,9,30,9,20,6,107,20,6
12/10/2002,30,9,30,9,30,9,20,6,35,20,6
12/11/2002,30,9,30,6,30,6,20,4,78,20,4
12/12/2002,30,6,30,7,30,7,20,47,14,20,47
12/13/2002,30,7,30,8,30,8,20,53,42,20,53
12/16/2002,30,8,30,9,30,9,20,6,92,20,6
12/17/2002,30,9,30,9,30,9,20,6,56,20,6
12/18/2002,30,9,31,1,31,1,20,73,121,20,73
12/19/2002,31,1,31,31,20,67,114,20,67
12/20/2002,31,30,9,30,9,20,6,9,20,6
12/23/2002,30,9,30,9,30,9,20,6,15,20,6
12/24/2002,30,9,30,7,30,7,20,47,48,20,47
12/25/2002,30,7,30,7,30,7,20,47,0,20,47
12/26/2002,30,7,30,7,30,7,20,47,60,20,47
12/27/2002,30,7,30,7,30,7,20,47,23,20,47
12/30/2002,30,7,30,7,30,7,20,47,49,20,47
12/31/2002,30,7,30,7,30,7,20,47,15,20,47
1/2/2003,30,7,30,7,30,7,20,47,15,20,47
1/3/2003,30,7,30,7,30,7,20,47,31,20,47
1/6/2003,30,7,30,7,30,7,20,47,9,20,47
1/7/2003,30,7,30,8,30,8,20,53,5,20,53
1/8/2003,30,8,30,8,30,8,20,53,25,20,53
1/9/2003,30,8,30,6,30,6,20,4,15,20,4
1/10/2003,30,6,30,6,30,6,20,4,9,20,4
1/13/2003,30,6,30,5,30,5,20,33,21,20,33
1/14/2003,30,5,30,3,30,3,20,2,83,20,2
1/15/2003,30,3,30,1,30,1,20,07,138,20,07
1/16/2003,30,1,30,1,30,1,20,07,30,20,07
1/17/2003,30,1,30,1,30,1,20,07,61,20,07
1/20/2003,30,1,30,30,20,36,20
1/21/2003,30,30,30,20,17,20
1/22/2003,30,29,9,29,9,19,93,45,19,93
1/23/2003,29,9,29,9,29,9,19,93,84,19,93
1/24/2003,29,9,29,7,29,7,19,8,56,19,8
1/27/2003,29,7,29,6,29,6,19,73,67,19,73
1/28/2003,29,6,29,6,29,6,19,73,16,19,73
2/10/2003,29,6,29,6,29,6,19,73,12,19,73
2/11/2003,29,6,29,5,29,5,19,67,25,19,67
2/12/2003,29,5,28,3,28,3,18,87,84,18,87
2/13/2003,28,3,29,29,19,33,81,19,33
2/14/2003,29,29,7,29,7,19,8,39,19,8
2/17/2003,29,7,29,7,29,7,19,8,103,19,8
2/18/2003,29,7,29,5,29,5,19,67,67,19,67
2/19/2003,29,5,29,5,29,5,19,67,0,19,67
2/20/2003,29,1,29,29,19,33,38,19,33
2/21/2003,29,28,6,28,6,19,07,35,19,07
2/24/2003,28,6,28,6,28,6,19,07,16,19,07
2/25/2003,28,6,28,8,28,8,19,2,20,19,2
2/26/2003,28,8,28,6,28,6,19,07,19,19,07
2/27/2003,28,6,28,6,28,6,19,07,13,19,07
2/28/2003,28,6,28,9,28,9,19,27,31,19,27
3/3/2003,28,9,29,29,19,33,32,19,33
3/4/2003,29,29,29,19,33,35,19,33
3/5/2003,29,29,29,19,33,173,19,33
3/6/2003,29,19,4,19,4,12,93,51,12,93
3/7/2003,19,4,19,3,19,3,19,3,22,19,3
3/10/2003,19,3,19,3,19,3,19,3,45,19,3
3/11/2003,19,3,19,3,19,3,19,3,73,19,3
3/12/2003,19,3,19,3,19,3,19,3,53,19,3
3/13/2003,19,3,19,3,19,3,19,3,0,19,3
3/14/2003,19,2,19,1,19,1,19,1,107,19,1
3/17/2003,19,1,19,19,19,92,19
3/18/2003,19,18,9,18,9,18,9,97,18,9
3/19/2003,18,9,18,5,18,5,18,5,111,18,5
3/20/2003,18,5,18,5,18,5,18,5,21,18,5
3/21/2003,18,5,18,6,18,6,18,6,33,18,6
3/24/2003,18,6,18,6,18,6,18,6,36,18,6
3/25/2003,18,6,18,6,18,6,18,6,118,18,6
3/26/2003,18,6,18,5,18,5,18,5,38,18,5
3/27/2003,18,5,18,4,18,4,18,4,46,18,4
3/28/2003,18,4,18,4,18,4,18,4,32,18,4
3/31/2003,18,4,18,18,18,128,18
4/1/2003,18,17,1,17,1,17,1,218,17,1
4/2/2003,17,1,17,9,17,9,17,9,487,17,9
4/3/2003,17,9,18,6,18,6,18,6,242,18,6
4/4/2003,18,6,18,6,18,6,18,6,348,18,6
4/7/2003,18,6,18,6,18,6,18,6,134,18,6
4/8/2003,18,6,18,6,18,6,18,6,20,18,6
4/9/2003,18,6,18,3,18,3,18,3,35,18,3
4/10/2003,18,3,18,5,18,5,18,5,317,18,5
4/11/2003,18,5,18,5,18,5,18,5,15,18,5
4/14/2003,18,5,18,5,18,5,18,5,155,18,5
4/15/2003,18,5,18,6,18,6,18,6,67,18,6
4/16/2003,18,6,18,5,18,5,18,5,188,18,5
4/17/2003,18,5,18,7,18,7,18,7,36,18,7
4/18/2003,18,7,18,8,18,8,18,8,33,18,8
4/21/2003,18,8,18,9,18,9,18,9,66,18,9
4/22/2003,18,9,18,9,18,9,18,9,24,18,9
4/23/2003,18,9,19,19,19,152,19
4/24/2003,19,19,3,19,3,19,3,85,19,3
4/25/2003,19,3,19,3,19,3,19,3,37,19,3
4/28/2003,19,3,19,2,19,2,19,2,79,19,2
4/29/2003,19,2,19,2,19,2,19,2,48,19,2
5/5/2003,19,2,19,3,19,3,19,3,23,19,3
5/6/2003,19,3,19,5,19,5,19,5,28,19,5
5/7/2003,19,5,19,5,19,5,19,5,224,19,5
5/8/2003,19,5,19,5,19,5,19,5,67,19,5
5/9/2003,19,5,19,6,19,6,19,6,73,19,6
5/12/2003,19,6,19,8,19,8,19,8,179,19,8
5/13/2003,19,8,20,20,20,166,20
5/14/2003,20,19,8,19,8,19,8,139,19,8
5/15/2003,19,8,19,7,19,7,19,7,244,19,7
5/16/2003,19,7,19,7,19,7,19,7,112,19,7
5/19/2003,19,7,19,6,19,6,19,6,23,19,6
5/20/2003,19,6,19,6,19,6,19,6,1654,19,6
5/21/2003,19,6,20,19,6,19,6,1150,19,6
5/22/2003,19,6,19,5,19,5,19,5,666,19,5
5/23/2003,19,5,19,5,19,4,19,4,829,19,4
5/26/2003,19,4,19,2,19,2,19,2,701,19,2
5/27/2003,19,2,19,3,19,3,19,3,1292,19,3
5/28/2003,19,3,19,4,19,3,19,3,1562,19,3
5/29/2003,19,3,19,3,19,3,19,3,1155,19,3
5/30/2003,19,3,19,4,19,3,19,4,241,19,4
6/2/2003,19,4,19,3,18,8,19,3,526,19,3
6/3/2003,19,3,19,3,19,3,19,3,1090,19,3
6/4/2003,19,3,19,3,19,2,19,3,164,19,3
6/5/2003,19,3,19,3,18,5,19,3,921,19,3
6/6/2003,19,3,19,3,19,3,19,3,460,19,3
6/9/2003,19,3,19,4,19,3,19,4,1114,19,4
6/10/2003,19,4,19,4,19,4,19,4,85,19,4
6/11/2003,19,4,19,4,19,4,19,4,320,19,4
6/12/2003,19,4,19,4,19,4,19,4,990,19,4
6/13/2003,19,4,19,4,19,4,19,4,1240,19,4
6/16/2003,19,4,19,4,19,3,19,4,1038,19,4
6/17/2003,19,4,19,4,19,4,19,4,111,19,4
6/18/2003,19,4,19,3,19,19,3,593,19,3
6/19/2003,19,3,19,3,19,2,19,3,775,19,3
6/20/2003,19,3,19,5,19,4,19,5,1017,19,5
6/23/2003,19,5,19,5,19,4,19,5,225,19,5
6/24/2003,19,5,19,5,19,5,19,5,306,19,5
6/25/2003,19,5,19,6,19,5,19,6,290,19,6
6/26/2003,19,6,19,7,19,6,19,7,1161,19,7
6/27/2003,19,7,19,7,19,7,19,7,640,19,7
6/30/2003,19,7,19,7,19,6,19,7,530,19,7
7/1/2003,19,7,19,8,19,8,19,8,120,19,8
7/2/2003,19,8,19,8,19,7,19,7,145,19,7
7/3/2003,19,7,19,7,19,7,19,7,829,19,7
7/4/2003,19,7,19,7,19,7,19,7,683,19,7
7/7/2003,19,7,19,7,19,6,19,7,36,19,7
7/8/2003,19,7,19,7,19,6,19,7,1405,19,7
7/9/2003,19,7,19,8,19,6,19,6,581,19,6
7/10/2003,19,6,19,7,19,7,19,7,496,19,7
7/11/2003,19,7,19,7,19,7,19,7,410,19,7
7/14/2003,19,7,19,8,19,7,19,7,801,19,7
7/15/2003,19,7,19,6,19,6,19,6,455,19,6
7/16/2003,19,6,19,6,19,6,19,6,435,19,6
7/17/2003,19,6,19,6,19,6,19,6,501,19,6
7/18/2003,19,6,19,8,19,7,19,7,332,19,7
7/21/2003,19,7,19,7,19,6,19,6,495,19,6
7/22/2003,19,6,19,5,19,4,19,4,1640,19,4
7/23/2003,19,4,19,5,19,5,19,5,339,19,5
7/24/2003,19,5,19,6,19,6,19,6,111,19,6
7/25/2003,19,6,19,5,19,5,19,5,42,19,5
7/28/2003,19,5,19,5,19,4,19,5,408,19,5
7/29/2003,19,5,19,5,19,4,19,4,232,19,4
7/30/2003,19,4,19,3,19,2,19,2,1398,19,2
7/31/2003,19,2,19,4,19,2,19,4,111,19,4
8/1/2003,19,4,19,3,19,3,19,3,115,19,3
8/4/2003,19,3,19,1,19,1,19,1,605,19,1
8/5/2003,19,1,19,18,8,19,167,19
8/6/2003,19,19,19,19,774,19
8/7/2003,19,19,2,19,2,19,2,148,19,2
8/8/2003,19,2,19,1,19,1,19,1,213,19,1
8/11/2003,19,1,19,2,19,1,19,2,343,19,2
8/12/2003,19,2,19,2,19,2,19,2,889,19,2
8/13/2003,19,2,18,5,18,3,18,5,135,18,5
8/14/2003,18,5,18,7,18,5,18,7,130,18,7
8/15/2003,18,7,18,6,18,6,18,6,291,18,6
8/18/2003,18,6,18,6,18,5,18,5,630,18,5
8/19/2003,18,5,18,4,18,4,18,4,468,18,4
8/20/2003,18,4,18,4,18,4,18,4,35,18,4
8/21/2003,18,4,18,4,18,4,18,4,520,18,4
8/22/2003,18,4,18,5,18,4,18,4,400,18,4
8/25/2003,18,4,18,4,18,4,18,4,312,18,4
8/26/2003,18,4,18,5,18,4,18,4,200,18,4
8/27/2003,18,4,18,8,18,5,18,8,110,18,8
8/28/2003,18,8,18,5,18,5,18,5,875,18,5
8/29/2003,18,5,18,6,18,5,18,6,1160,18,6
9/3/2003,18,6,18,6,18,6,18,6,990,18,6
9/4/2003,18,6,18,6,18,5,18,5,367,18,5
9/5/2003,18,5,18,6,18,5,18,6,102,18,6
9/8/2003,18,6,18,6,18,6,18,6,210,18,6
9/9/2003,18,6,18,6,18,5,18,5,253,18,5
9/10/2003,18,5,18,5,18,5,18,5,1506,18,5
9/11/2003,18,5,18,5,18,5,18,5,440,18,5
9/12/2003,18,5,18,5,18,18,5,715,18,5
9/15/2003,18,5,18,4,18,4,18,4,873,18,4
9/16/2003,18,4,18,4,18,4,18,4,442,18,4
9/17/2003,18,4,18,3,18,3,18,3,185,18,3
9/18/2003,18,3,18,4,18,3,18,4,422,18,4
9/19/2003,18,4,18,4,18,4,18,4,315,18,4
9/22/2003,18,4,18,3,18,3,18,3,326,18,3
9/23/2003,18,3,18,4,18,3,18,4,140,18,4
9/24/2003,18,4,18,4,18,4,18,4,80,18,4
9/25/2003,18,4,18,4,18,4,18,4,550,18,4
9/26/2003,18,4,18,3,18,3,18,3,550,18,3
9/29/2003,18,3,18,3,18,3,18,3,310,18,3
9/30/2003,18,3,18,3,18,3,18,3,411,18,3
10/1/2003,18,3,18,3,18,3,18,3,528,18,3
10/2/2003,18,3,18,3,18,2,18,2,215,18,2
10/3/2003,18,2,18,2,18,18,504,18
10/6/2003,18,18,1,17,5,18,1,351,18,1
10/7/2003,18,1,18,1,18,18,1,531,18,1
10/8/2003,18,1,18,1,18,1,18,1,363,18,1
10/9/2003,18,1,18,1,18,18,113,18
10/10/2003,18,18,18,18,381,18
10/13/2003,18,18,17,9,17,9,26,17,9
10/14/2003,17,9,17,7,17,7,17,7,183,17,7
10/15/2003,17,7,17,7,17,7,17,7,917,17,7
10/16/2003,17,7,17,7,17,7,17,7,360,17,7
10/17/2003,17,7,17,5,17,5,17,5,310,17,5
10/20/2003,17,5,17,4,17,4,17,4,91,17,4
10/21/2003,17,4,17,3,17,3,17,3,222,17,3
10/22/2003,17,3,17,1,17,17,479,17
10/23/2003,17,16,5,16,5,16,5,506,16,5
10/24/2003,16,5,16,5,16,3,16,3,1112,16,3
10/27/2003,16,3,16,5,16,4,16,4,610,16,4
10/28/2003,16,4,16,7,16,7,16,7,52,16,7
10/29/2003,16,7,17,16,9,17,186,17
10/30/2003,17,17,2,17,2,17,2,230,17,2
10/31/2003,17,2,17,5,17,5,17,5,756,17,5
11/3/2003,17,5,17,7,17,6,17,6,120,17,6
11/4/2003,17,6,17,7,17,7,17,7,689,17,7
11/5/2003,17,7,17,7,17,7,17,7,31,17,7
11/6/2003,17,7,17,7,17,7,17,7,363,17,7
11/7/2003,17,7,18,17,7,18,911,18
11/10/2003,18,18,1,18,18,1,2623,18,1
11/11/2003,18,1,18,3,18,3,18,3,342,18,3
11/12/2003,18,3,19,1,18,6,19,1,378,19,1
11/13/2003,19,1,20,20,20,2665,20
11/14/2003,20,21,21,21,1865,21
11/17/2003,21,21,20,20,3597,20
11/18/2003,20,19,1,19,19,1,1285,19,1
11/19/2003,19,1,20,18,8,20,673,20
11/20/2003,20,20,2,20,2,20,2,1468,20,2
11/21/2003,20,2,20,7,20,4,20,7,2076,20,7
11/24/2003,20,7,21,3,21,3,21,3,1578,21,3
11/25/2003,21,3,22,21,7,21,7,2472,21,7
11/26/2003,21,7,21,5,20,8,20,8,1895,20,8
11/27/2003,20,8,21,2,20,8,21,2,618,21,2
11/28/2003,21,2,21,5,21,2,21,2,1018,21,2
12/1/2003,21,2,21,2,21,2,21,2,1201,21,2
12/2/2003,21,2,21,2,21,2,21,2,2808,21,2
12/3/2003,21,2,21,2,21,2,21,2,2527,21,2
12/4/2003,21,2,21,1,21,21,1,2536,21,1
12/5/2003,21,1,21,20,9,20,9,3372,20,9
12/8/2003,20,9,20,6,20,6,20,6,1375,20,6
12/9/2003,20,6,20,9,20,7,20,9,1130,20,9
12/10/2003,20,9,20,8,20,5,20,5,4415,20,5
12/11/2003,20,5,20,7,20,5,20,7,1740,20,7
12/12/2003,20,7,20,8,20,6,20,8,1337,20,8
12/15/2003,20,8,21,20,8,21,680,21
12/16/2003,21,21,5,21,4,21,5,1855,21,5
12/17/2003,21,5,22,21,7,21,7,341,21,7
12/18/2003,21,7,22,2,22,22,944,22
12/19/2003,22,21,6,21,4,21,6,1315,21,6
12/22/2003,21,6,21,6,21,3,21,3,333,21,3
12/23/2003,21,3,21,3,21,3,21,3,912,21,3
12/24/2003,21,3,21,3,21,3,21,3,1653,21,3
12/25/2003,21,3,21,4,21,3,21,3,880,21,3
12/26/2003,21,3,21,3,21,3,21,3,216,21,3
12/29/2003,21,3,21,3,21,3,21,3,330,21,3
12/30/2003,21,3,21,3,21,3,21,3,132,21,3
12/31/2003,21,3,21,4,21,4,21,4,83,21,4
1/5/2004,21,4,21,7,21,7,21,7,1684,21,7
1/6/2004,21,7,22,2,21,9,21,9,1051,21,9
1/7/2004,21,9,22,22,22,844,22
1/8/2004,22,22,2,22,22,786,22
1/9/2004,22,21,9,21,7,21,9,411,21,9
1/12/2004,21,9,22,1,22,22,1,380,22,1
1/13/2004,22,1,22,3,22,2,22,3,1519,22,3
1/14/2004,22,3,22,7,22,5,22,5,609,22,5
1/15/2004,22,5,22,7,22,5,22,7,1212,22,7
1/16/2004,22,7,23,8,23,23,8,1597,23,8
1/27/2004,23,8,24,9,24,9,24,9,618,24,9
1/28/2004,24,9,26,1,26,1,26,1,1001,26,1
1/29/2004,26,1,27,4,27,4,27,4,3215,27,4
1/30/2004,27,4,28,7,27,9,27,9,11965,27,9
2/2/2004,27,9,27,9,26,6,26,6,2354,26,6
2/3/2004,26,6,26,25,7,25,7,7959,25,7
2/4/2004,25,7,26,9,25,7,26,9,2689,26,9
2/5/2004,26,9,28,2,28,28,5994,28
2/6/2004,28,28,27,5,27,5,3001,27,5
2/9/2004,27,5,27,5,27,4,27,4,1558,27,4
2/10/2004,27,4,27,6,27,4,27,6,2023,27,6
2/11/2004,27,6,27,6,27,6,27,6,4604,27,6
2/12/2004,27,6,28,4,27,8,28,4,1290,28,4
2/13/2004,28,4,29,1,29,29,1,4427,29,1
2/16/2004,29,1,29,9,29,1,29,1,2500,29,1
2/17/2004,29,1,29,1,29,1,29,1,1696,29,1
2/18/2004,29,1,29,8,29,3,29,8,3042,29,8
2/19/2004,29,8,31,1,31,31,1,5420,31,1
2/20/2004,31,1,31,8,31,8,31,8,4375,31,8
2/23/2004,31,8,33,3,33,3,33,3,973,33,3
2/24/2004,33,3,34,9,34,9,34,9,2591,34,9
2/25/2004,34,9,36,6,35,35,12139,35
2/26/2004,35,34,6,34,5,34,5,11199,34,5
2/27/2004,34,5,36,2,34,5,36,2,13190,36,2
3/1/2004,36,2,38,38,38,3612,38
3/2/2004,38,39,6,39,6,39,6,7816,39,6
3/3/2004,39,6,39,6,39,39,6,14686,39,6
3/4/2004,39,6,39,6,39,3,39,3,11434,39,3
3/5/2004,39,3,40,38,6,40,17749,40
3/8/2004,40,39,2,39,1,39,2,13402,39,2
3/9/2004,39,2,38,5,38,38,13100,38
3/10/2004,38,39,2,36,1,39,2,29761,39,2
3/11/2004,39,2,39,2,39,2,39,2,14455,39,2
3/12/2004,39,2,39,2,39,2,39,2,10956,39,2
3/15/2004,39,2,39,2,39,39,2,7369,39,2
3/16/2004,39,2,39,2,39,39,3682,39
3/17/2004,39,38,7,38,6,38,6,4492,38,6
3/18/2004,38,6,39,2,38,6,39,2,7395,39,2
3/19/2004,39,2,39,1,39,39,1,6494,39,1
3/22/2004,39,1,39,1,39,1,39,1,5900,39,1
3/23/2004,39,1,38,8,38,7,38,8,5736,38,8
3/24/2004,38,8,39,1,38,7,39,1,8246,39,1
3/25/2004,39,1,39,5,39,2,39,5,16550,39,5
3/26/2004,39,5,41,40,41,13206,41
3/29/2004,41,42,41,42,6787,42
3/30/2004,42,43,42,43,7111,43
3/31/2004,43,44,6,43,44,6,11907,44,6
4/1/2004,44,6,46,1,46,46,8668,46
4/2/2004,46,44,43,7,43,7,4991,43,7
4/5/2004,43,7,42,2,42,42,4621,42
4/6/2004,42,42,5,42,42,5,671,42,5
4/7/2004,42,5,42,5,41,5,41,5,2684,41,5
4/8/2004,41,5,40,7,40,40,6058,40
4/9/2004,40,40,39,3,39,3,4324,39,3
4/12/2004,39,3,38,8,38,5,39,3,11816,39,3
4/13/2004,38,5,38,1,38,38,7371,38
4/14/2004,38,38,4,38,38,4,3342,38,4
4/15/2004,38,4,39,38,5,39,5444,39
4/16/2004,39,39,39,39,4742,39
4/19/2004,39,38,8,38,5,38,5,2357,38,5
4/20/2004,38,5,38,38,38,9364,38
4/21/2004,38,38,5,38,5,38,5,1891,38,5
4/22/2004,38,5,38,7,38,5,38,5,1919,38,5
4/23/2004,38,5,38,6,38,5,38,6,658,38,6
4/26/2004,38,6,38,5,38,5,38,5,3086,38,5
4/27/2004,38,5,38,7,38,5,38,7,921,38,7
4/28/2004,38,7,38,7,38,7,38,7,1473,38,7
4/29/2004,38,7,38,8,38,7,38,8,1705,38,8
5/4/2004,38,8,39,38,8,39,939,39
5/5/2004,39,39,39,39,1092,39
5/6/2004,39,38,8,38,6,38,6,1150,38,6
5/7/2004,38,6,38,5,38,5,38,5,1860,38,5
5/10/2004,38,5,38,8,38,5,38,5,153,38,5
5/11/2004,38,5,38,5,38,5,38,5,190,38,5
5/12/2004,38,5,38,7,38,5,38,7,556,38,7
5/13/2004,38,7,39,2,39,2,39,2,1891,39,2
5/14/2004,39,2,38,7,38,7,38,7,985,38,7
5/17/2004,38,7,38,8,38,5,38,8,330,38,8
5/18/2004,38,8,38,6,38,6,38,6,560,38,6
5/19/2004,38,6,38,8,38,8,38,8,578,38,8
5/20/2004,38,8,39,38,9,39,983,39
5/21/2004,39,39,38,8,38,8,534,38,8
5/24/2004,38,8,39,39,39,1009,39
5/25/2004,39,39,39,39,180,39
5/26/2004,39,39,38,7,38,7,395,38,7
5/27/2004,38,7,38,5,38,5,38,5,1444,38,5
5/28/2004,38,5,38,4,38,4,38,4,1073,38,4
5/31/2004,38,4,38,4,38,4,38,4,1551,38,4
6/1/2004,38,4,38,4,38,3,38,3,1289,38,3
6/2/2004,38,3,38,4,38,3,38,4,160,38,4
6/3/2004,38,4,38,8,38,4,38,4,1744,38,4
6/4/2004,38,4,38,4,38,2,38,2,809,38,2
6/7/2004,38,2,38,2,38,1,38,1,1140,38,1
6/8/2004,38,1,38,1,38,38,1,7193,38,1
6/9/2004,38,1,38,4,38,2,38,4,567,38,4
6/10/2004,38,4,38,2,38,2,38,2,187,38,2
6/11/2004,38,2,38,2,38,2,38,2,646,38,2
6/14/2004,38,2,39,2,38,7,39,2,3523,39,2
6/15/2004,39,2,38,8,38,8,38,8,7183,38,8
6/16/2004,38,8,38,8,38,6,38,6,1173,38,6
6/17/2004,38,6,38,5,38,4,38,4,3292,38,4
6/18/2004,38,4,38,5,38,4,38,4,3165,38,4
6/21/2004,38,4,38,5,38,4,38,5,1521,38,5
6/22/2004,38,5,38,3,38,3,38,3,5135,38,3
6/23/2004,38,3,38,3,38,3,38,3,5090,38,3
6/24/2004,38,3,38,5,38,5,38,5,2030,38,5
6/25/2004,38,5,38,5,38,4,38,5,641,38,5
6/28/2004,38,5,38,5,38,5,38,5,600,38,5
6/29/2004,38,5,38,2,38,2,38,2,409,38,2
6/30/2004,38,2,38,5,38,5,38,5,7431,38,5
7/1/2004,38,5,38,4,38,2,38,2,417,38,2
7/2/2004,38,2,38,3,38,3,38,3,545,38,3
7/5/2004,38,3,38,3,38,2,38,3,1250,38,3
7/6/2004,38,3,38,3,38,2,38,2,2892,38,2
7/7/2004,38,2,38,3,38,1,38,1,180,38,1
7/8/2004,38,1,38,2,38,2,38,2,201,38,2
7/9/2004,38,2,38,1,38,38,70,38
7/12/2004,38,38,1,38,38,1,311,38,1
7/13/2004,38,1,38,4,38,1,38,1,251,38,1
7/14/2004,38,1,38,1,38,1,38,1,860,38,1
7/15/2004,38,1,38,38,38,381,38
7/16/2004,38,38,1,38,38,1,470,38,1
7/19/2004,38,1,38,1,38,38,1040,38
7/20/2004,38,38,37,8,38,690,38
7/21/2004,38,38,1,38,1,38,1,100,38,1
7/22/2004,38,1,38,1,38,38,1,180,38,1
7/23/2004,38,1,38,1,38,1,38,1,1206,38,1
7/26/2004,38,1,38,38,38,910,38
7/27/2004,38,38,38,38,1037,38
7/28/2004,38,37,9,37,9,37,9,400,37,9
7/29/2004,37,9,37,5,37,5,37,5,1756,37,5
7/30/2004,37,5,37,6,37,5,37,5,3080,37,5
8/2/2004,37,5,37,4,37,4,37,4,355,37,4
8/3/2004,37,4,37,4,37,4,37,4,1811,37,4
8/4/2004,37,4,37,2,37,2,37,2,3485,37,2
8/6/2004,37,36,35,8,36,3643,36
8/9/2004,36,34,4,34,2,34,2,6230,34,2
8/10/2004,34,2,35,9,33,2,35,9,1741,35,9
8/11/2004,35,9,36,3,35,9,35,9,375,35,9
8/12/2004,35,9,36,3,35,9,35,9,1751,35,9
8/13/2004,35,9,36,1,36,36,1,2891,36,1
8/16/2004,36,1,35,5,35,5,35,5,100,35,5
8/17/2004,35,5,36,4,35,3,36,4,920,36,4
8/18/2004,36,4,36,3,36,3,36,3,734,36,3
8/19/2004,36,3,36,8,36,3,36,8,553,36,8
8/20/2004,36,8,37,37,37,2282,37
8/23/2004,37,38,5,37,6,38,5,4344,38,5
8/24/2004,38,5,38,8,37,5,37,5,1100,37,5
8/25/2004,37,5,37,5,37,5,37,5,2336,37,5
8/26/2004,37,5,37,8,37,8,37,8,76,37,8
8/27/2004,37,8,38,2,37,5,37,5,424,37,5
8/30/2004,37,5,37,5,37,5,37,5,689,37,5
8/31/2004,37,5,37,5,37,5,37,5,4312,37,5
9/1/2004,37,5,37,5,37,3,37,3,558,37,3
9/6/2004,37,3,37,3,37,3,37,3,402,37,3
9/7/2004,37,3,37,2,37,2,37,2,400,37,2
9/8/2004,37,2,37,2,37,2,37,2,425,37,2
9/9/2004,37,2,37,2,37,2,37,2,751,37,2
9/10/2004,37,2,37,2,37,2,37,2,420,37,2
9/13/2004,37,2,37,2,37,1,37,1,610,37,1
9/14/2004,37,1,37,2,37,2,37,2,170,37,2
9/15/2004,37,2,37,2,37,2,37,2,483,37,2
9/16/2004,37,2,37,2,37,2,37,2,101,37,2
9/17/2004,37,2,37,2,36,9,37,2,57,37,2
9/20/2004,37,2,37,1,37,1,37,1,308,37,1
9/21/2004,37,1,37,1,37,1,37,1,16,37,1
9/22/2004,37,1,37,1,37,37,1,142,37,1
9/23/2004,37,1,37,2,37,37,2,26,37,2
9/24/2004,37,2,37,37,37,185,37
9/27/2004,37,37,3,37,37,3,341,37,3
9/28/2004,37,3,37,3,37,3,37,3,100,37,3
9/29/2004,37,3,37,3,37,2,37,3,754,37,3
9/30/2004,37,3,37,5,37,2,37,2,435,37,2
10/1/2004,37,2,37,1,37,1,37,1,735,37,1
10/4/2004,37,1,37,2,37,1,37,2,1662,37,2
10/5/2004,37,2,37,1,37,1,37,1,531,37,1
10/6/2004,37,1,37,2,37,2,37,2,531,37,2
10/7/2004,37,2,37,2,37,2,37,2,20,37,2
10/8/2004,37,2,37,1,37,37,1,571,37,1
10/11/2004,37,1,37,36,7,36,7,1152,36,7
10/12/2004,36,7,36,6,36,5,36,5,1043,36,5
10/13/2004,36,5,36,6,36,5,36,6,940,36,6
10/14/2004,36,6,36,5,36,5,36,5,1939,36,5
10/15/2004,36,5,36,6,36,6,36,6,2088,36,6
10/18/2004,36,6,36,6,36,6,36,6,1748,36,6
10/19/2004,36,6,37,37,37,1222,37
10/20/2004,37,37,37,37,1040,37
10/21/2004,37,37,36,8,36,8,721,36,8
10/22/2004,36,8,36,8,36,6,36,6,270,36,6
10/25/2004,36,6,36,6,36,5,36,5,890,36,5
10/26/2004,36,5,36,5,36,4,36,4,1549,36,4
10/27/2004,36,4,36,4,36,4,36,4,635,36,4
10/28/2004,36,4,36,6,36,5,36,5,768,36,5
10/29/2004,36,5,36,5,36,3,36,3,2387,36,3
11/1/2004,36,3,36,3,36,2,36,2,415,36,2
11/2/2004,36,2,36,2,36,2,36,2,1307,36,2
11/3/2004,36,2,36,2,36,2,36,2,480,36,2
11/4/2004,36,2,36,2,36,1,36,1,72,36,1
11/5/2004,36,1,36,2,36,1,36,2,600,36,2
11/8/2004,36,2,36,1,36,1,36,1,90,36,1
11/9/2004,36,1,35,9,35,9,35,9,970,35,9
11/10/2004,35,9,36,35,9,35,9,548,35,9
11/11/2004,35,9,35,9,35,9,35,9,652,35,9
11/12/2004,35,9,35,9,35,9,35,9,2585,35,9
11/15/2004,35,9,36,36,36,45,36
11/16/2004,36,36,35,8,35,8,570,35,8
11/18/2004,35,7,35,7,35,7,35,7,160,35,7
11/19/2004,35,7,35,2,35,2,35,2,250,35,2
11/22/2004,35,2,35,4,35,2,35,2,805,35,2
11/23/2004,35,2,35,3,35,1,35,1,414,35,1
11/24/2004,35,1,35,1,35,35,152,35
11/25/2004,35,35,35,35,452,35
11/26/2004,35,35,1,35,35,1,231,35,1
11/29/2004,35,1,35,5,35,2,35,5,231,35,5
11/30/2004,35,5,36,36,36,365,36
12/1/2004,36,36,5,36,4,36,4,376,36,4
12/2/2004,36,4,35,7,35,5,35,5,70,35,5
12/3/2004,35,5,36,1,35,7,35,7,700,35,7
12/6/2004,35,7,36,35,8,35,8,711,35,8
12/7/2004,35,8,36,4,36,36,4,1543,36,4
12/8/2004,36,4,36,5,35,6,36,5,2100,36,5
12/9/2004,36,5,36,5,36,4,36,4,271,36,4
12/10/2004,36,4,36,4,36,4,36,4,2380,36,4
12/13/2004,36,4,36,9,36,5,36,5,571,36,5
12/14/2004,36,5,36,5,36,5,36,5,1052,36,5
12/15/2004,36,5,36,6,36,6,36,6,648,36,6
12/16/2004,36,6,36,7,36,7,36,7,501,36,7
12/17/2004,36,7,36,8,36,7,36,8,813,36,8
12/20/2004,36,8,36,8,36,8,36,8,0,36,8
12/21/2004,36,8,36,5,36,5,36,5,700,36,5
12/22/2004,36,5,37,36,8,37,977,37
12/23/2004,37,37,37,37,202,37
12/24/2004,37,37,37,37,1731,37
12/27/2004,37,37,37,37,1087,37
12/28/2004,37,37,36,9,36,9,327,36,9
12/29/2004,36,9,36,9,36,9,36,9,1413,36,9
12/30/2004,36,9,37,37,37,1071,37
12/31/2004,37,38,37,38,4083,38
1/4/2005,38,37,4,37,4,37,4,910,37,4
1/5/2005,37,4,37,4,37,4,37,4,42,37,4
1/6/2005,37,4,37,1,37,1,37,1,427,37,1
1/7/2005,37,1,37,1,37,1,37,1,320,37,1
1/10/2005,37,1,37,37,37,307,37
1/11/2005,37,37,37,37,898,37
1/12/2005,37,37,1,36,9,37,1,971,37,1
1/13/2005,37,1,37,1,37,37,365,37
1/14/2005,37,37,37,37,15,37
1/17/2005,37,37,37,37,311,37
1/18/2005,37,37,1,37,1,37,1,795,37,1
1/19/2005,37,1,37,37,37,335,37
1/20/2005,37,37,3,37,37,3,1175,37,3
1/21/2005,37,3,37,2,37,1,37,2,107,37,2
1/24/2005,37,2,37,1,37,1,37,1,129,37,1
1/25/2005,37,1,37,1,36,9,36,9,110,36,9
1/26/2005,36,9,37,37,37,126,37
1/27/2005,37,36,3,36,1,36,3,713,36,3
1/28/2005,36,3,36,2,36,2,36,2,483,36,2
1/31/2005,36,2,36,1,36,36,944,36
2/1/2005,36,36,36,36,1481,36
2/2/2005,36,36,2,36,2,36,2,1,36,2
2/3/2005,36,2,36,2,36,36,287,36
2/4/2005,36,37,36,37,104,37
2/14/2005,37,36,5,36,3,36,3,230,36,3
2/15/2005,36,3,36,3,36,3,36,3,481,36,3
2/16/2005,36,3,36,4,36,4,36,4,1,36,4
2/17/2005,36,4,36,5,36,2,36,2,351,36,2
2/18/2005,36,2,36,6,36,2,36,2,294,36,2
2/21/2005,36,2,36,2,36,2,36,2,0,36,2
2/22/2005,36,2,36,3,36,2,36,2,443,36,2
2/23/2005,36,2,36,3,36,3,36,3,300,36,3
2/24/2005,36,3,36,4,36,2,36,4,543,36,4
2/25/2005,36,4,36,5,36,5,36,5,760,36,5
2/28/2005,36,5,36,6,36,6,36,6,70,36,6
3/1/2005,36,6,36,8,36,7,36,8,981,36,8
3/2/2005,36,8,36,9,36,9,36,9,201,36,9
3/3/2005,36,9,36,9,36,9,36,9,1577,36,9
3/4/2005,36,9,36,9,36,9,36,9,640,36,9
3/7/2005,36,9,36,9,36,9,36,9,70,36,9
3/8/2005,36,9,36,6,36,6,36,6,110,36,6
3/10/2005,36,5,36,5,36,5,36,5,1,36,5
3/11/2005,36,5,36,6,36,5,36,6,516,36,6
3/14/2005,36,6,36,6,36,6,36,6,255,36,6
3/15/2005,36,6,36,8,36,8,36,8,2000,36,8
3/16/2005,36,8,36,9,36,8,36,9,301,36,9
3/17/2005,36,9,36,9,36,7,36,7,401,36,7
3/18/2005,36,7,36,8,36,7,36,8,1295,36,8
3/21/2005,36,8,37,4,36,8,37,4,4951,37,4
3/22/2005,37,4,37,3,37,3,37,3,866,37,3
3/23/2005,37,3,37,4,37,4,37,4,2947,37,4
3/24/2005,37,4,39,37,5,39,6337,39
3/25/2005,39,39,3,38,5,38,5,3363,38,5
3/28/2005,38,5,38,37,6,37,6,865,37,6
3/29/2005,37,6,37,5,37,2,37,5,88,37,5
3/31/2005,37,6,38,38,38,2970,38
4/1/2005,38,38,37,7,37,7,27,37,7
4/4/2005,37,7,38,8,37,7,37,7,133,37,7
4/6/2005,37,8,37,9,37,8,37,8,411,37,8
4/7/2005,37,8,37,8,37,8,37,8,190,37,8
4/8/2005,37,8,37,8,37,8,37,8,3145,37,8
4/11/2005,37,8,37,8,37,6,37,8,51,37,8
4/12/2005,37,8,38,3,37,8,37,8,129,37,8
4/13/2005,37,8,37,6,37,5,37,6,223,37,6
4/14/2005,37,6,37,6,37,6,37,6,1420,37,6
4/15/2005,37,6,37,5,37,5,37,5,1265,37,5
4/18/2005,37,5,37,6,37,5,37,6,1985,37,6
4/18/2005,37,5,37,6,37,5,37,6,1985,37,6
4/19/2005,37,6,37,5,37,5,37,5,302,37,5
4/20/2005,37,5,37,5,37,5,37,5,805,37,5
4/21/2005,37,5,37,7,37,7,37,7,1,37,7
4/22/2005,37,7,37,7,37,5,37,5,369,37,5
4/22/2005,37,7,37,7,37,5,37,5,369,37,5
4/25/2005,37,5,37,5,37,5,37,5,151,37,5
4/26/2005,37,5,37,6,37,6,37,6,900,37,6
4/27/2005,37,6,37,6,37,6,37,6,0,37,6
4/28/2005,37,6,37,5,37,3,37,5,1536,37,5
4/29/2005,37,5,37,6,37,6,37,6,1285,37,6
5/4/2005,37,6,37,6,37,6,37,6,90,37,6
5/5/2005,37,6,37,6,37,6,37,6,721,37,6
5/6/2005,37,6,37,6,37,6,37,6,50,37,6
5/9/2005,37,6,37,7,37,7,37,7,100,37,7
5/10/2005,37,7,37,7,37,5,37,7,58,37,7
5/11/2005,37,7,37,6,37,3,37,6,91,37,6
5/12/2005,37,6,37,5,37,5,37,5,77,37,5
5/13/2005,37,5,37,7,37,7,37,7,6,37,7
5/16/2005,37,7,37,4,37,4,37,4,32,37,4
5/17/2005,37,4,37,2,37,2,37,2,70,37,2
5/18/2005,37,2,37,2,37,1,37,1,100,37,1
5/19/2005,37,1,37,5,37,5,37,5,237,37,5
5/20/2005,37,5,37,5,37,5,37,5,1806,37,5
5/23/2005,37,5,37,6,37,5,37,6,532,37,6
5/24/2005,37,6,37,6,37,6,37,6,231,37,6
5/25/2005,37,6,37,6,37,6,37,6,300,37,6
5/26/2005,37,6,37,7,37,6,37,7,608,37,7
5/27/2005,37,7,38,38,38,873,38
5/30/2005,38,38,3,37,9,38,3,101,38,3
5/31/2005,38,3,38,3,38,38,3,1435,38,3
6/1/2005,38,3,38,3,38,3,38,3,300,38,3
6/2/2005,38,3,38,3,38,3,38,3,1438,38,3
6/3/2005,38,3,38,4,38,4,38,4,467,38,4
6/6/2005,38,4,38,4,38,4,38,4,130,38,4
6/7/2005,38,4,38,3,38,3,38,3,560,38,3
6/8/2005,38,3,38,4,38,4,38,4,1929,38,4
6/9/2005,38,4,38,4,38,4,38,4,610,38,4
6/10/2005,38,4,38,4,38,2,38,4,1340,38,4
6/13/2005,38,4,38,4,38,4,38,4,655,38,4
6/14/2005,38,4,38,4,38,4,38,4,1,38,4
6/15/2005,38,4,38,4,38,4,38,4,2410,38,4
6/16/2005,38,4,38,5,38,5,38,5,1,38,5
6/17/2005,38,5,38,5,38,5,38,5,0,38,5
6/20/2005,38,5,38,5,38,5,38,5,1750,38,5
6/21/2005,38,5,38,5,38,5,38,5,2230,38,5
6/22/2005,38,5,38,5,38,5,38,5,4700,38,5
6/23/2005,38,5,38,5,38,5,38,5,50,38,5
6/24/2005,38,5,38,5,38,2,38,2,178,38,2
6/27/2005,38,2,38,2,38,1,38,1,731,38,1
6/28/2005,38,1,38,38,38,62,38
6/29/2005,38,38,2,37,9,38,2,131,38,2
6/30/2005,38,2,38,5,38,5,38,5,1,38,5
7/1/2005,38,5,38,1,38,1,38,1,20,38,1
7/4/2005,38,1,38,4,38,4,38,4,60,38,4
7/5/2005,38,4,38,4,38,4,38,4,406,38,4
7/6/2005,38,4,38,4,38,2,38,2,302,38,2
7/7/2005,38,2,38,2,38,2,38,2,240,38,2
7/8/2005,38,2,38,4,38,2,38,2,107,38,2
7/11/2005,38,2,38,4,38,1,38,4,287,38,4
7/12/2005,38,4,38,2,38,1,38,1,1105,38,1
7/13/2005,38,1,38,4,38,4,38,4,23,38,4
7/14/2005,38,4,38,2,38,2,38,2,30,38,2
7/15/2005,38,2,38,1,38,1,38,1,960,38,1
7/18/2005,38,1,38,38,38,1190,38
7/19/2005,38,38,38,38,455,38
7/20/2005,38,37,7,37,7,37,7,80,37,7
7/21/2005,37,7,37,7,37,7,37,7,1080,37,7
7/22/2005,37,7,37,7,37,7,37,7,124,37,7
7/25/2005,37,7,37,7,37,2,37,7,26,37,7
7/26/2005,37,7,38,4,37,7,38,4,106,38,4
7/27/2005,38,4,37,9,37,6,37,9,66,37,9
7/28/2005,37,9,37,9,37,9,37,9,10,37,9
7/29/2005,37,9,38,37,7,38,35,38
8/1/2005,38,37,9,37,9,37,9,500,37,9
8/2/2005,37,9,37,9,37,9,37,9,0,37,9
8/3/2005,37,9,38,38,38,248,38
8/4/2005,38,38,4,38,38,4,128,38,4
8/5/2005,38,4,38,5,38,1,38,5,239,38,5
8/8/2005,38,5,38,5,38,5,38,5,0,38,5
8/9/2005,38,5,38,5,38,5,38,5,363,38,5
8/10/2005,38,5,38,4,38,4,38,4,405,38,4
8/11/2005,38,4,38,38,38,120,38
8/12/2005,38,38,37,7,38,7,38
8/15/2005,38,37,8,37,6,37,6,55,37,6
8/16/2005,37,6,37,6,37,6,37,6,0,37,6
8/17/2005,37,6,37,6,37,6,37,6,10,37,6
8/18/2005,37,6,37,4,37,3,37,4,647,37,4
8/19/2005,37,4,37,4,37,3,37,3,209,37,3
8/22/2005,37,3,37,1,37,37,1,189,37,1
8/23/2005,37,1,37,1,37,1,37,1,100,37,1
8/24/2005,37,1,37,4,37,4,37,4,130,37,4
8/25/2005,37,4,37,5,37,4,37,4,273,37,4
8/26/2005,37,4,37,5,37,5,37,5,112,37,5
8/29/2005,37,5,39,37,7,39,306,39
8/30/2005,39,39,39,39,3434,39
8/31/2005,39,39,38,6,38,6,1743,38,6
9/1/2005,38,6,38,7,38,7,38,7,577,38,7
9/5/2005,38,7,39,38,4,39,35,39
9/6/2005,39,39,38,6,39,440,39
9/7/2005,39,39,39,39,1260,39
9/8/2005,39,39,5,39,1,39,1,1287,39,1
9/9/2005,39,1,39,39,39,1206,39
9/12/2005,39,39,38,8,39,2441,39
9/13/2005,39,39,39,39,2024,39
9/14/2005,39,39,39,39,4026,39
9/15/2005,39,39,5,39,4,39,4,2589,39,4
9/16/2005,39,4,40,39,5,39,5,4312,39,5
9/19/2005,39,5,40,2,39,5,40,2,4059,40,2
9/21/2005,42,2,42,2,40,1,40,1,1666,40,1
9/22/2005,40,1,41,40,1,41,1914,41
9/23/2005,41,41,40,4,40,4,4026,40,4
9/26/2005,40,4,40,4,40,2,40,2,923,40,2
9/27/2005,40,2,40,5,40,40,1666,40
9/28/2005,40,40,3,40,1,40,3,1964,40,3
9/29/2005,40,3,40,2,40,2,40,2,168,40,2
9/30/2005,40,2,42,2,42,2,42,2,3166,42,2
10/3/2005,42,2,43,9,42,2,42,2,5396,42,2
10/4/2005,42,2,42,2,42,2,42,2,5933,42,2
10/5/2005,42,2,43,43,43,4817,43
10/6/2005,43,43,6,43,2,43,6,5612,43,6
10/7/2005,43,6,44,5,44,4,44,5,6996,44,5
10/10/2005,44,5,44,5,44,5,44,5,2417,44,5
10/11/2005,44,5,44,5,44,5,44,5,2209,44,5
10/12/2005,44,5,44,9,44,9,44,9,995,44,9
10/13/2005,44,9,47,1,47,1,47,1,15119,47,1
10/14/2005,47,1,47,9,47,5,47,9,2610,47,9
10/17/2005,47,9,50,50,50,1951,50
10/18/2005,50,50,50,50,2688,50
10/19/2005,50,49,48,5,49,6697,49
10/20/2005,49,49,49,49,8060,49
10/21/2005,49,49,48,9,48,9,3324,48,9
10/24/2005,48,9,49,49,49,5839,49
10/25/2005,49,49,49,49,5884,49
10/26/2005,49,49,48,5,48,5,6672,48,5
10/27/2005,48,5,48,5,48,5,48,5,3231,48,5
10/28/2005,48,5,49,49,49,3679,49
10/31/2005,49,49,6,49,4,49,6,6254,49,6
11/1/2005,49,6,49,9,49,8,49,8,4071,49,8
11/2/2005,49,8,50,49,8,50,6085,50
11/3/2005,50,52,51,5,51,5,4924,51,5
11/4/2005,51,5,51,5,50,5,50,5,2985,50,5
11/7/2005,50,5,50,5,50,5,50,5,4832,50,5
11/8/2005,50,5,50,5,50,50,5516,50
11/9/2005,50,50,49,8,49,8,2761,49,8
11/10/2005,49,8,49,9,49,5,49,5,2854,49,5
11/11/2005,49,5,49,49,49,3065,49
11/14/2005,49,49,4,49,2,49,2,2851,49,2
11/15/2005,49,2,49,2,49,49,2353,49
11/16/2005,49,48,5,48,5,48,5,1982,48,5
11/17/2005,48,5,48,7,48,5,48,7,4634,48,7
11/18/2005,48,7,48,7,48,7,48,7,1595,48,7
11/21/2005,48,7,48,5,48,4,48,4,528,48,4
11/22/2005,48,4,48,1,47,9,47,9,2038,47,9
11/23/2005,47,9,47,9,47,2,47,2,3485,47,2
11/24/2005,47,2,46,46,46,5500,46
11/25/2005,46,47,5,46,5,47,5,1822,47,5
11/28/2005,47,5,47,5,47,4,47,4,2127,47,4
11/29/2005,47,4,47,46,47,1627,47
11/30/2005,47,47,5,47,5,47,5,2552,47,5
12/1/2005,47,5,47,9,47,8,47,9,1240,47,9
12/2/2005,47,9,48,4,48,1,48,1,705,48,1
12/5/2005,48,1,48,48,48,1198,48
12/6/2005,48,48,48,48,852,48
12/7/2005,48,48,47,5,47,5,1125,47,5
12/8/2005,47,5,47,5,47,4,47,4,2340,47,4
12/9/2005,47,4,47,6,47,5,47,6,686,47,6
12/12/2005,47,6,47,6,47,5,47,5,1180,47,5
12/13/2005,47,5,47,5,47,47,537,47
12/14/2005,47,47,47,47,940,47
12/15/2005,47,47,47,47,1020,47
12/16/2005,47,47,5,47,5,47,5,465,47,5
12/19/2005,47,5,47,3,47,47,2294,47
12/20/2005,47,47,3,47,47,2369,47
12/21/2005,47,47,47,47,375,47
12/22/2005,47,46,9,46,8,46,8,460,46,8
12/23/2005,46,8,47,47,47,1840,47
12/26/2005,47,47,4,47,47,4,2221,47,4
12/27/2005,47,4,47,4,47,3,47,3,1596,47,3
12/28/2005,47,3,47,3,47,47,910,47
12/29/2005,47,47,1,47,47,1,393,47,1
12/30/2005,47,1,47,1,47,47,330,47
1/3/2006,47,46,9,46,6,46,9,637,46,9
1/4/2006,46,9,46,7,46,7,46,7,220,46,7
1/5/2006,46,7,46,8,46,7,46,8,850,46,8
1/6/2006,46,8,47,46,9,46,9,1061,46,9
1/9/2006,46,9,46,9,46,8,46,8,302,46,8
1/10/2006,46,8,46,9,46,8,46,9,299,46,9
1/11/2006,46,9,46,8,46,8,46,8,1570,46,8
1/12/2006,46,8,47,2,46,8,47,2,2202,47,2
1/13/2006,47,2,49,48,9,49,3191,49
1/17/2006,49,49,8,49,5,49,8,5844,49,8
1/18/2006,49,8,49,1,49,49,1,2858,49,1
1/19/2006,49,1,49,49,49,3149,49
1/20/2006,49,42,1,42,42,891,42
1/23/2006,42,42,42,42,1246,42
1/24/2006,42,42,41,8,42,2437,42
1/25/2006,42,42,42,42,1922,42
1/26/2006,42,42,1,42,42,1,3051,42,1
1/27/2006,42,1,42,3,42,2,42,2,891,42,2
2/6/2006,42,2,43,42,5,43,3493,43
2/7/2006,43,45,1,44,45,1,5618,45,1
2/8/2006,45,1,46,9,46,9,46,9,8036,46,9
2/9/2006,46,9,47,46,9,47,8949,47
2/10/2006,47,47,47,47,4984,47
2/13/2006,47,47,46,9,47,5105,47
2/14/2006,47,47,7,47,47,7,4816,47,7
2/15/2006,47,7,49,5,49,49,5,3014,49,5
2/16/2006,49,5,50,50,50,3993,50
2/17/2006,50,51,5,51,51,11586,51
2/20/2006,51,53,5,53,53,5,8614,53,5
2/21/2006,53,5,55,5,54,5,55,5,12317,55,5
2/22/2006,55,5,55,5,55,5,55,5,16505,55,5
2/23/2006,55,5,56,5,55,5,56,5,7238,56,5
2/24/2006,56,5,59,58,59,8625,59
2/27/2006,59,61,60,5,61,11956,61
2/28/2006,61,61,61,61,10172,61
3/1/2006,61,61,61,61,14159,61
3/2/2006,61,63,62,63,14830,63
3/3/2006,63,63,5,60,60,7081,60
3/6/2006,60,62,5,62,62,5,12389,62,5
3/7/2006,62,5,63,63,63,7833,63
3/8/2006,63,64,63,5,64,7865,64
3/9/2006,64,66,65,5,65,5,5991,65,5
3/10/2006,65,5,67,5,67,67,14852,67
3/13/2006,67,70,69,5,70,11448,70
3/14/2006,70,73,72,72,10368,72
3/15/2006,72,73,5,72,5,72,5,12112,72,5
3/16/2006,72,5,72,71,5,71,5,12435,71,5
3/17/2006,71,5,74,71,5,74,6914,74
3/20/2006,74,76,76,76,9183,76
3/21/2006,76,76,75,75,6380,75
3/22/2006,75,75,72,5,72,5,8641,72,5
3/23/2006,72,5,72,70,5,70,5,5323,70,5
3/24/2006,70,5,70,70,70,6139,70
3/27/2006,70,73,71,73,3758,73
3/28/2006,73,74,5,73,73,4476,73
3/29/2006,73,73,72,72,9071,72
3/30/2006,72,75,5,73,75,5,9223,75,5
3/31/2006,75,5,78,76,5,78,10800,78
4/3/2006,78,80,5,78,5,80,5,8725,80,5
4/4/2006,80,5,80,5,77,77,12555,77
4/5/2006,77,79,5,78,79,5,11831,79,5
4/6/2006,79,5,80,5,80,80,8924,80
4/7/2006,80,80,5,80,5,80,5,10389,80,5
4/10/2006,80,5,80,5,79,79,18480,79
4/11/2006,79,79,78,78,7425,78
4/12/2006,78,79,5,79,5,79,5,7582,79,5
4/13/2006,79,5,83,81,83,10951,83
4/14/2006,83,87,87,87,14337,87
4/17/2006,87,91,91,91,11535,91
4/18/2006,91,95,5,94,94,21434,94
4/19/2006,94,93,92,92,8307,92
4/20/2006,92,92,91,91,13383,91
4/21/2006,91,93,91,93,13990,93
4/24/2006,93,95,5,93,95,5,12448,95,5
4/25/2006,95,5,100,99,99,9741,99
4/26/2006,99,99,97,97,10489,97
4/27/2006,97,97,92,5,92,5,12502,92,5
4/28/2006,92,5,96,93,96,9990,96
5/3/2006,96,100,98,100,13320,100
5/4/2006,100,98,97,5,97,5,9627,97,5
5/5/2006,97,5,97,96,96,7562,96
5/8/2006,96,95,94,94,11084,94
5/9/2006,94,89,5,89,5,89,5,2218,89,5
5/10/2006,89,5,85,5,85,5,85,5,435,85,5
5/11/2006,85,5,89,5,85,5,89,5,20301,89,5
5/12/2006,89,5,93,5,93,5,93,5,2878,93,5
5/15/2006,93,5,98,95,95,16091,95
5/16/2006,95,95,90,5,90,5,11898,90,5
5/17/2006,90,5,95,94,94,9023,94
5/18/2006,94,92,91,5,91,5,5057,91,5
5/19/2006,91,5,94,91,5,94,4900,94
5/22/2006,94,92,92,92,6560,92
5/23/2006,92,90,5,90,90,3694,90
5/24/2006,90,93,92,93,5686,93
5/25/2006,93,93,92,5,92,5,9430,92,5
5/26/2006,92,5,93,93,93,9099,93
5/29/2006,93,93,5,92,5,92,5,4276,92,5
5/30/2006,92,5,90,90,90,8527,90
5/31/2006,90,91,91,91,5158,91
6/1/2006,91,92,91,92,4663,92
6/2/2006,92,94,93,5,94,8532,94
6/5/2006,94,95,5,95,5,95,5,6843,95,5
6/6/2006,95,5,96,95,95,5366,95
6/7/2006,95,94,94,94,4033,94
6/8/2006,94,94,94,94,2245,94
6/12/2006,94,95,94,95,4205,95
6/13/2006,95,95,5,95,95,5,6177,95,5
6/14/2006,95,5,95,94,5,94,5,2861,94,5
6/15/2006,94,5,94,5,94,94,2116,94
6/16/2006,94,93,5,91,5,91,5,4523,91,5
6/19/2006,91,5,92,91,91,3267,91
6/20/2006,91,91,90,5,91,4837,91
6/21/2006,91,90,88,5,88,5,9367,88,5
6/22/2006,88,5,92,5,88,5,92,5,5153,92,5
6/23/2006,92,5,92,5,90,5,92,3132,92
6/26/2006,92,92,90,90,1968,90
6/27/2006,90,90,90,90,1928,90
6/28/2006,90,90,90,90,1408,90
6/29/2006,90,90,5,90,5,90,5,1414,90,5
6/30/2006,90,5,91,90,5,90,5,3023,90,5
7/3/2006,90,5,90,5,89,5,89,5,1327,89,5
7/4/2006,89,5,89,5,89,89,3123,89
7/5/2006,89,89,88,5,88,5,1088,88,5
7/6/2006,88,5,89,88,89,2547,89
7/7/2006,89,90,5,89,5,90,5,1677,90,5
7/10/2006,90,5,92,90,90,2247,90
7/11/2006,90,90,5,89,89,556,89
7/12/2006,89,90,89,5,89,5,1228,89,5
7/13/2006,89,5,89,5,89,89,1022,89
7/14/2006,89,89,5,88,5,89,5,3194,89,5
7/17/2006,89,5,89,5,89,89,5,2880,89,5
7/18/2006,89,5,89,5,89,89,2238,89
7/19/2006,89,88,5,85,85,3458,85
7/20/2006,85,89,85,89,3164,89
7/21/2006,89,88,5,87,87,4164,87
7/24/2006,87,87,5,85,85,2242,85
7/25/2006,85,83,81,81,6734,81
7/26/2006,81,80,5,80,80,3903,80
7/27/2006,80,80,5,79,80,5,3140,80,5
7/28/2006,80,5,80,5,79,79,2582,79
7/31/2006,79,77,5,76,76,4291,76
8/1/2006,76,73,72,5,72,5,5378,72,5
8/2/2006,72,5,70,69,70,6431,70
8/3/2006,70,73,5,73,5,73,5,3329,73,5
8/4/2006,73,5,77,76,76,12364,76
8/7/2006,76,74,72,5,72,5,10374,72,5
8/8/2006,72,5,75,5,73,5,75,5,5075,75,5
8/9/2006,75,5,77,74,76,5,7488,76,5
8/10/2006,76,5,77,5,77,5,77,5,5005,77,5
8/11/2006,77,5,81,81,81,6170,81
8/14/2006,81,85,84,85,7968,85
8/15/2006,85,84,82,84,6506,84
8/16/2006,84,88,86,88,13590,88
8/17/2006,88,88,87,88,9775,88
8/18/2006,88,69,69,69,15467,69
8/21/2006,69,72,72,72,12508,72
8/22/2006,72,72,72,72,22673,72
8/23/2006,72,72,70,72,15307,72
8/24/2006,72,73,72,5,72,5,7520,72,5
8/25/2006,72,5,72,5,72,72,5,6701,72,5
8/28/2006,72,5,72,5,72,72,5,3823,72,5
8/29/2006,72,5,73,5,72,5,73,5,6305,73,5
8/30/2006,73,5,75,5,75,75,5,13187,75,5
8/31/2006,75,5,75,75,75,6386,75
9/1/2006,75,76,75,5,76,4495,76
9/5/2006,76,79,77,5,79,7208,79
9/6/2006,79,79,5,79,79,6888,79
9/7/2006,79,79,78,78,4158,78
9/8/2006,78,79,77,5,79,6753,79
9/11/2006,79,79,78,5,78,5,2788,78,5
9/12/2006,78,5,78,76,5,76,5,3228,76,5
9/13/2006,76,5,79,76,5,78,5,4775,78,5
9/14/2006,78,5,78,77,5,77,5,2490,77,5
9/15/2006,77,5,78,77,77,3872,77
9/18/2006,77,77,5,77,5,77,5,4060,77,5
9/19/2006,77,5,78,5,78,78,5,6823,78,5
9/20/2006,78,5,79,78,5,78,5,4676,78,5
9/21/2006,78,5,78,5,78,78,4051,78
9/22/2006,78,78,77,5,78,5935,78
9/25/2006,78,78,78,78,5515,78
9/26/2006,78,78,78,78,8250,78
9/27/2006,78,78,78,78,11660,78
9/28/2006,78,78,5,78,78,5,9077,78,5
9/29/2006,78,5,79,79,79,8016,79
10/2/2006,79,82,79,5,82,9797,82
10/3/2006,82,85,84,84,8860,84
10/4/2006,84,85,83,5,85,13294,85
10/5/2006,85,85,83,83,5595,83
10/6/2006,83,83,82,82,5,4604,82,5
10/9/2006,82,5,83,82,5,82,5,5301,82,5
10/10/2006,82,5,81,5,80,5,80,5,4489,80,5
10/11/2006,80,5,81,80,5,81,5045,81
10/12/2006,81,83,5,82,82,8258,82
10/13/2006,82,83,83,83,13622,83
10/16/2006,83,83,5,83,5,83,5,6314,83,5
10/17/2006,83,5,83,5,83,83,7142,83
10/18/2006,83,83,5,81,5,83,5,7241,83,5
10/19/2006,83,5,84,83,5,83,5,4082,83,5
10/20/2006,83,5,83,5,83,5,83,5,5910,83,5
10/23/2006,83,5,84,83,5,84,6985,84
10/24/2006,84,84,5,84,84,8360,84
10/25/2006,84,84,5,84,84,4492,84
10/26/2006,84,84,84,84,3500,84
10/27/2006,84,84,83,5,83,5,2988,83,5
10/30/2006,83,5,83,5,81,5,81,5,5313,81,5
10/31/2006,81,5,82,81,82,5716,82
11/1/2006,82,82,5,82,5,82,5,1962,82,5
11/2/2006,82,5,82,5,81,5,81,5,2290,81,5
11/3/2006,81,5,81,5,81,81,5,1660,81,5
11/6/2006,81,5,82,81,5,82,1551,82
11/7/2006,82,83,83,83,7736,83
11/8/2006,83,83,5,83,5,83,5,5878,83,5
11/9/2006,83,5,87,85,5,87,12249,87
11/10/2006,87,89,86,86,6853,86
11/13/2006,86,89,5,87,89,5,9301,89,5
11/14/2006,89,5,93,5,93,93,5,11774,93,5
11/15/2006,93,5,98,98,98,32451,98
11/16/2006,98,97,94,97,16641,97
11/17/2006,97,101,97,5,101,21511,101
11/20/2006,101,106,106,106,13042,106
11/21/2006,106,111,111,111,5072,111
11/22/2006,111,116,116,116,3966,116
11/23/2006,116,121,121,121,13746,121
11/24/2006,121,127,127,127,17581,127
11/27/2006,127,133,121,121,34969,121
11/28/2006,121,127,127,127,27863,127
11/29/2006,127,127,122,127,22591,127
11/30/2006,127,132,130,131,21470,131
12/1/2006,131,135,131,131,16438,131
12/4/2006,131,137,135,137,12430,137
12/5/2006,137,143,143,143,14698,143
12/6/2006,143,150,149,150,35632,150
12/7/2006,150,157,157,157,2663,157
12/8/2006,157,157,157,157,0,157
12/11/2006,164,172,172,172,1781,172
12/12/2006,172,180,166,166,52035,166
12/13/2006,166,174,174,174,5624,174
12/14/2006,174,182,170,180,19332,180
12/15/2006,180,183,180,180,8605,180
12/18/2006,180,172,171,171,19019,171
12/19/2006,171,172,170,172,10150,172
12/20/2006,172,171,167,168,11920,168
12/21/2006,168,168,160,160,6972,160
12/22/2006,160,152,152,152,7308,152
12/25/2006,152,145,145,145,21057,145
12/26/2006,145,149,140,147,18021,147
12/27/2006,147,154,145,145,12165,145
12/28/2006,145,149,144,144,14662,144
12/29/2006,144,148,144,148,9014,148
1/2/2007,148,148,148,148,4191,148
1/3/2007,148,155,150,155,8189,155
1/4/2007,155,162,162,162,3475,162
1/5/2007,162,170,170,170,7614,170
1/8/2007,170,178,175,175,31653,175
1/9/2007,175,183,183,183,16687,183
1/10/2007,183,192,192,192,9216,192
1/11/2007,192,201,201,201,13340,201
1/12/2007,201,211,211,211,10525,211
1/15/2007,211,221,221,221,6638,221
1/16/2007,221,232,232,232,15625,232
1/17/2007,232,221,221,221,8325,221
1/18/2007,221,232,210,231,36629,231
1/19/2007,231,242,242,242,14495,242
1/22/2007,242,239,230,234,16236,234
1/23/2007,234,228,226,226,14395,226
1/24/2007,226,226,215,215,10413,215
1/25/2007,215,205,205,205,8383,205
1/26/2007,205,195,195,195,9006,195
1/29/2007,195,204,195,204,19466,204
1/30/2007,204,214,214,214,1874,214
1/31/2007,214,224,224,224,12258,224
2/1/2007,224,235,230,230,24917,230
2/2/2007,230,236,236,236,15376,236
2/5/2007,236,240,225,225,21380,225
2/6/2007,225,236,234,236,27044,236
2/7/2007,236,236,225,230,13372,230
2/8/2007,230,219,219,219,10614,219
2/9/2007,219,209,209,209,27799,209
2/12/2007,209,219,219,219,2619,219
2/13/2007,219,229,229,229,3759,229
2/14/2007,229,240,240,240,9742,240
2/15/2007,240,241,234,241,10142,241
2/26/2007,241,250,250,250,15017,250
2/27/2007,250,262,248,248,12632,248
2/28/2007,248,246,236,236,8379,236
3/1/2007,236,245,232,234,16056,234
3/2/2007,234,240,234,234,7638,234
3/5/2007,234,238,234,234,6900,234
3/6/2007,234,225,223,224,15103,224
3/7/2007,224,214,213,213,33572,213
3/8/2007,213,223,223,223,7294,223
3/9/2007,223,234,234,234,4928,234
3/12/2007,234,245,245,245,12180,245
3/13/2007,245,245,233,233,9688,233
3/14/2007,233,222,222,222,6575,222
3/15/2007,222,222,215,215,11966,215
3/16/2007,215,225,225,225,3127,225
3/19/2007,225,232,225,225,13553,225
3/20/2007,225,220,217,217,8532,217
3/21/2007,217,219,217,217,4925,217
3/22/2007,217,217,210,213,9332,213
3/23/2007,213,210,208,208,12413,208
3/26/2007,208,208,200,200,10249,200
3/27/2007,200,190,190,190,14543,190
3/28/2007,190,199,190,199,6617,199
3/29/2007,199,208,208,208,9103,208
3/30/2007,208,218,202,202,11577,202
4/2/2007,202,197,195,195,4690,195
4/3/2007,195,195,191,195,3082,195
4/4/2007,195,201,200,201,5835,201
4/5/2007,201,201,198,198,3875,198
4/6/2007,198,200,198,200,4770,200
4/7/2007,200,210,190,190,294952,190
4/9/2007,200,200,200,200,3203,200
4/10/2007,200,204,202,203,5078,203
4/11/2007,203,200,199,199,2361,199
4/12/2007,199,197,193,193,3027,193
4/13/2007,193,195,193,195,6166,195
4/16/2007,195,195,195,195,12308,195
4/17/2007,195,195,195,195,11761,195
4/18/2007,195,204,197,204,5143,204
4/19/2007,204,204,202,202,7314,202
4/20/2007,202,194,192,192,8220,192
4/22/2007,199,208,190,208,569537,208
4/23/2007,192,184,183,183,4373,183
4/24/2007,183,183,183,183,6403,183
4/25/2007,36,6,36,5,36,5,36,5,101,36,5
5/2/2007,187,196,194,194,18292,194
5/3/2007,194,195,192,195,3520,195
5/4/2007,195,198,192,198,3813,198
5/7/2007,198,206,204,205,11635,205
5/8/2007,205,215,215,215,10534,215
5/9/2007,215,225,215,215,10592,215
5/10/2007,215,213,208,210,4160,210
5/11/2007,210,215,210,215,10263,215
5/14/2007,215,190,190,190,6820,190
5/15/2007,190,187,185,185,4458,185
5/16/2007,185,185,184,185,2017,185
5/17/2007,185,184,183,184,4928,184
5/21/2007,183,182,181,181,3646,181
5/22/2007,181,181,180,180,6006,180
5/23/2007,180,185,183,183,10656,183
5/24/2007,183,180,180,180,4235,180
5/25/2007,180,180,178,180,2951,180
5/28/2007,180,180,180,180,3824,180
5/30/2007,384,403,400,403,118456,403
5/31/2007,177,176,175,175,4773,175
6/1/2007,175,175,174,174,6419,174
6/4/2007,174,175,173,173,6074,173
6/5/2007,173,170,165,165,10936,165
6/6/2007,165,165,165,165,10780,165
6/7/2007,165,166,165,166,11498,166
6/8/2007,166,165,164,164,8892,164
6/11/2007,164,164,156,163,5246,163
6/12/2007,163,164,160,164,10551,164
6/13/2007,164,166,165,165,6882,165
6/14/2007,165,166,165,166,16985,166
6/15/2007,180,189,171,179,74618,179
6/18/2007,165,165,161,165,13640,165
6/19/2007,165,168,165,165,4531,165
6/20/2007,165,166,165,165,12152,165
6/21/2007,165,166,165,165,8934,165
6/22/2007,165,164,162,162,2799,162
6/25/2007,162,162,162,162,2287,162
6/26/2007,162,164,162,164,5421,164
6/27/2007,164,164,163,163,1721,163
6/28/2007,163,165,165,165,11346,165
6/29/2007,165,165,165,165,6960,165
7/2/2007,165,165,157,157,4832,157
7/3/2007,157,151,151,151,6416,151
7/4/2007,151,158,152,158,1382,158
7/5/2007,158,158,154,158,2071,158
7/5/2007,158,158,154,158,2071,158
7/9/2007,157,157,155,156,1847,156
7/9/2007,157,157,155,156,1847,156
7/11/2007,159,161,159,159,2879,159
7/13/2007,157,158,156,158,886,158
7/16/2007,158,155,154,154,1776,154
7/18/2007,155,154,153,154,1704,154
7/20/2007,154,152,152,152,1112,152
7/23/2007,152,152,150,150,1591,150
7/25/2007,150,151,149,149,1468,149
